territory,price,price_point_id
AFG,39.99,eyJzIjoiNjc5Nzc1MDc1NyIsInQiOiJBRkciLCJwIjoiMTAyNzcifQ
AGO,39.99,eyJzIjoiNjc5Nzc1MDc1NyIsInQiOiJBR08iLCJwIjoiMTAyNzcifQ
AIA,39.99,eyJzIjoiNjc5Nzc1MDc1NyIsInQiOiJBSUEiLCJwIjoiMTAyNzcifQ
ALB,49.99,eyJzIjoiNjc5Nzc1MDc1NyIsInQiOiJBTEIiLCJwIjoiMTAzMjcifQ
ARE,149.99,eyJzIjoiNjc5Nzc1MDc1NyIsInQiOiJBUkUiLCJwIjoiMTAzNDQifQ
ARG,39.99,eyJzIjoiNjc5Nzc1MDc1NyIsInQiOiJBUkciLCJwIjoiMTAyNzcifQ
ARM,49.99,eyJzIjoiNjc5Nzc1MDc1NyIsInQiOiJBUk0iLCJwIjoiMTAzMjcifQ
ATG,39.99,eyJzIjoiNjc5Nzc1MDc1NyIsInQiOiJBVEciLCJwIjoiMTAyNzcifQ
AUS,59.99,eyJzIjoiNjc5Nzc1MDc1NyIsInQiOiJBVVMiLCJwIjoiMTAzNjYifQ
AUT,44.99,eyJzIjoiNjc5Nzc1MDc1NyIsInQiOiJBVVQiLCJwIjoiMTAzMDIifQ
AZE,49.99,eyJzIjoiNjc5Nzc1MDc1NyIsInQiOiJBWkUiLCJwIjoiMTAzMjcifQ
BEL,44.99,eyJzIjoiNjc5Nzc1MDc1NyIsInQiOiJCRUwiLCJwIjoiMTAzMDIifQ
BEN,49.99,eyJzIjoiNjc5Nzc1MDc1NyIsInQiOiJCRU4iLCJwIjoiMTAzMjcifQ
BFA,39.99,eyJzIjoiNjc5Nzc1MDc1NyIsInQiOiJCRkEiLCJwIjoiMTAyNzcifQ
BGR,44.99,eyJzIjoiNjc5Nzc1MDc1NyIsInQiOiJCR1IiLCJwIjoiMTAzMDIifQ
BHR,39.99,eyJzIjoiNjc5Nzc1MDc1NyIsInQiOiJCSFIiLCJwIjoiMTAyNzcifQ
BHS,39.99,eyJzIjoiNjc5Nzc1MDc1NyIsInQiOiJCSFMiLCJwIjoiMTAyNzcifQ
BIH,44.99,eyJzIjoiNjc5Nzc1MDc1NyIsInQiOiJCSUgiLCJwIjoiMTAzMDIifQ
BLR,49.99,eyJzIjoiNjc5Nzc1MDc1NyIsInQiOiJCTFIiLCJwIjoiMTAzMjcifQ
BLZ,39.99,eyJzIjoiNjc5Nzc1MDc1NyIsInQiOiJCTFoiLCJwIjoiMTAyNzcifQ
BMU,39.99,eyJzIjoiNjc5Nzc1MDc1NyIsInQiOiJCTVUiLCJwIjoiMTAyNzcifQ
BOL,39.99,eyJzIjoiNjc5Nzc1MDc1NyIsInQiOiJCT0wiLCJwIjoiMTAyNzcifQ
BRA,249.9,eyJzIjoiNjc5Nzc1MDc1NyIsInQiOiJCUkEiLCJwIjoiMTA0MDEifQ
BRB,49.99,eyJzIjoiNjc5Nzc1MDc1NyIsInQiOiJCUkIiLCJwIjoiMTAzMjcifQ
BRN,39.99,eyJzIjoiNjc5Nzc1MDc1NyIsInQiOiJCUk4iLCJwIjoiMTAyNzcifQ
BTN,39.99,eyJzIjoiNjc5Nzc1MDc1NyIsInQiOiJCVE4iLCJwIjoiMTAyNzcifQ
BWA,39.99,eyJzIjoiNjc5Nzc1MDc1NyIsInQiOiJCV0EiLCJwIjoiMTAyNzcifQ
CAN,49.99,eyJzIjoiNjc5Nzc1MDc1NyIsInQiOiJDQU4iLCJwIjoiMTAzMjcifQ
CHE,35.0,eyJzIjoiNjc5Nzc1MDc1NyIsInQiOiJDSEUiLCJwIjoiMTAyMDgifQ
CHL,49990,eyJzIjoiNjc5Nzc1MDc1NyIsInQiOiJDSEwiLCJwIjoiMTA0MDcifQ
CHN,298.0,eyJzIjoiNjc5Nzc1MDc1NyIsInQiOiJDSE4iLCJwIjoiMTAzNTcifQ
CIV,49.99,eyJzIjoiNjc5Nzc1MDc1NyIsInQiOiJDSVYiLCJwIjoiMTAzMjcifQ
CMR,49.99,eyJzIjoiNjc5Nzc1MDc1NyIsInQiOiJDTVIiLCJwIjoiMTAzMjcifQ
COD,39.99,eyJzIjoiNjc5Nzc1MDc1NyIsInQiOiJDT0QiLCJwIjoiMTAyNzcifQ
COG,39.99,eyJzIjoiNjc5Nzc1MDc1NyIsInQiOiJDT0ciLCJwIjoiMTAyNzcifQ
COL,199900.0,eyJzIjoiNjc5Nzc1MDc1NyIsInQiOiJDT0wiLCJwIjoiMTAzNzYifQ
CPV,39.99,eyJzIjoiNjc5Nzc1MDc1NyIsInQiOiJDUFYiLCJwIjoiMTAyNzcifQ
CRI,39.99,eyJzIjoiNjc5Nzc1MDc1NyIsInQiOiJDUkkiLCJwIjoiMTAyNzcifQ
CYM,39.99,eyJzIjoiNjc5Nzc1MDc1NyIsInQiOiJDWU0iLCJwIjoiMTAyNzcifQ
CYP,44.99,eyJzIjoiNjc5Nzc1MDc1NyIsInQiOiJDWVAiLCJwIjoiMTAzMDIifQ
CZE,999.0,eyJzIjoiNjc5Nzc1MDc1NyIsInQiOiJDWkUiLCJwIjoiMTAyOTAifQ
DEU,44.99,eyJzIjoiNjc5Nzc1MDc1NyIsInQiOiJERVUiLCJwIjoiMTAzMDIifQ
DMA,39.99,eyJzIjoiNjc5Nzc1MDc1NyIsInQiOiJETUEiLCJwIjoiMTAyNzcifQ
DNK,349.0,eyJzIjoiNjc5Nzc1MDc1NyIsInQiOiJETksiLCJwIjoiMTAxNzIifQ
DOM,39.99,eyJzIjoiNjc5Nzc1MDc1NyIsInQiOiJET00iLCJwIjoiMTAyNzcifQ
DZA,39.99,eyJzIjoiNjc5Nzc1MDc1NyIsInQiOiJEWkEiLCJwIjoiMTAyNzcifQ
ECU,39.99,eyJzIjoiNjc5Nzc1MDc1NyIsInQiOiJFQ1UiLCJwIjoiMTAyNzcifQ
EGY,1999.99,eyJzIjoiNjc5Nzc1MDc1NyIsInQiOiJFR1kiLCJwIjoiMTA1NDYifQ
ESP,44.99,eyJzIjoiNjc5Nzc1MDc1NyIsInQiOiJFU1AiLCJwIjoiMTAzMDIifQ
EST,44.99,eyJzIjoiNjc5Nzc1MDc1NyIsInQiOiJFU1QiLCJwIjoiMTAzMDIifQ
FIN,44.99,eyJzIjoiNjc5Nzc1MDc1NyIsInQiOiJGSU4iLCJwIjoiMTAzMDIifQ
FJI,39.99,eyJzIjoiNjc5Nzc1MDc1NyIsInQiOiJGSkkiLCJwIjoiMTAyNzcifQ
FRA,44.99,eyJzIjoiNjc5Nzc1MDc1NyIsInQiOiJGUkEiLCJwIjoiMTAzMDIifQ
FSM,39.99,eyJzIjoiNjc5Nzc1MDc1NyIsInQiOiJGU00iLCJwIjoiMTAyNzcifQ
GAB,39.99,eyJzIjoiNjc5Nzc1MDc1NyIsInQiOiJHQUIiLCJwIjoiMTAyNzcifQ
GBR,39.99,eyJzIjoiNjc5Nzc1MDc1NyIsInQiOiJHQlIiLCJwIjoiMTAyNzcifQ
GEO,49.99,eyJzIjoiNjc5Nzc1MDc1NyIsInQiOiJHRU8iLCJwIjoiMTAzMjcifQ
GHA,49.99,eyJzIjoiNjc5Nzc1MDc1NyIsInQiOiJHSEEiLCJwIjoiMTAzMjcifQ
GMB,39.99,eyJzIjoiNjc5Nzc1MDc1NyIsInQiOiJHTUIiLCJwIjoiMTAyNzcifQ
GNB,39.99,eyJzIjoiNjc5Nzc1MDc1NyIsInQiOiJHTkIiLCJwIjoiMTAyNzcifQ
GRC,44.99,eyJzIjoiNjc5Nzc1MDc1NyIsInQiOiJHUkMiLCJwIjoiMTAzMDIifQ
GRD,39.99,eyJzIjoiNjc5Nzc1MDc1NyIsInQiOiJHUkQiLCJwIjoiMTAyNzcifQ
GTM,39.99,eyJzIjoiNjc5Nzc1MDc1NyIsInQiOiJHVE0iLCJwIjoiMTAyNzcifQ
GUY,39.99,eyJzIjoiNjc5Nzc1MDc1NyIsInQiOiJHVVkiLCJwIjoiMTAyNzcifQ
HKG,288.0,eyJzIjoiNjc5Nzc1MDc1NyIsInQiOiJIS0ciLCJwIjoiMTAxNzMifQ
HND,39.99,eyJzIjoiNjc5Nzc1MDc1NyIsInQiOiJITkQiLCJwIjoiMTAyNzcifQ
HRV,44.99,eyJzIjoiNjc5Nzc1MDc1NyIsInQiOiJIUlYiLCJwIjoiMTAzMDIifQ
HUN,17990,eyJzIjoiNjc5Nzc1MDc1NyIsInQiOiJIVU4iLCJwIjoiMTAzMjYifQ
IDN,699000,eyJzIjoiNjc5Nzc1MDc1NyIsInQiOiJJRE4iLCJwIjoiMTAzODYifQ
IND,3999.0,eyJzIjoiNjc5Nzc1MDc1NyIsInQiOiJJTkQiLCJwIjoiMTAzNTgifQ
IRL,44.99,eyJzIjoiNjc5Nzc1MDc1NyIsInQiOiJJUkwiLCJwIjoiMTAzMDIifQ
IRQ,39.99,eyJzIjoiNjc5Nzc1MDc1NyIsInQiOiJJUlEiLCJwIjoiMTAyNzcifQ
ISL,49.99,eyJzIjoiNjc5Nzc1MDc1NyIsInQiOiJJU0wiLCJwIjoiMTAzMjcifQ
ISR,149.9,eyJzIjoiNjc5Nzc1MDc1NyIsInQiOiJJU1IiLCJwIjoiMTAzNTQifQ
ITA,44.99,eyJzIjoiNjc5Nzc1MDc1NyIsInQiOiJJVEEiLCJwIjoiMTAzMDIifQ
JAM,39.99,eyJzIjoiNjc5Nzc1MDc1NyIsInQiOiJKQU0iLCJwIjoiMTAyNzcifQ
JOR,39.99,eyJzIjoiNjc5Nzc1MDc1NyIsInQiOiJKT1IiLCJwIjoiMTAyNzcifQ
JPN,6000,eyJzIjoiNjc5Nzc1MDc1NyIsInQiOiJKUE4iLCJwIjoiMTAzMTYifQ
KAZ,22990.0,eyJzIjoiNjc5Nzc1MDc1NyIsInQiOiJLQVoiLCJwIjoiMTA0MzAifQ
KEN,49.99,eyJzIjoiNjc5Nzc1MDc1NyIsInQiOiJLRU4iLCJwIjoiMTAzMjcifQ
KGZ,39.99,eyJzIjoiNjc5Nzc1MDc1NyIsInQiOiJLR1oiLCJwIjoiMTAyNzcifQ
KHM,39.99,eyJzIjoiNjc5Nzc1MDc1NyIsInQiOiJLSE0iLCJwIjoiMTAyNzcifQ
KNA,39.99,eyJzIjoiNjc5Nzc1MDc1NyIsInQiOiJLTkEiLCJwIjoiMTAyNzcifQ
KOR,66000,eyJzIjoiNjc5Nzc1MDc1NyIsInQiOiJLT1IiLCJwIjoiMTAzNDYifQ
KWT,39.99,eyJzIjoiNjc5Nzc1MDc1NyIsInQiOiJLV1QiLCJwIjoiMTAyNzcifQ
LAO,39.99,eyJzIjoiNjc5Nzc1MDc1NyIsInQiOiJMQU8iLCJwIjoiMTAyNzcifQ
LBN,39.99,eyJzIjoiNjc5Nzc1MDc1NyIsInQiOiJMQk4iLCJwIjoiMTAyNzcifQ
LBR,39.99,eyJzIjoiNjc5Nzc1MDc1NyIsInQiOiJMQlIiLCJwIjoiMTAyNzcifQ
LBY,39.99,eyJzIjoiNjc5Nzc1MDc1NyIsInQiOiJMQlkiLCJwIjoiMTAyNzcifQ
LCA,39.99,eyJzIjoiNjc5Nzc1MDc1NyIsInQiOiJMQ0EiLCJwIjoiMTAyNzcifQ
LKA,39.99,eyJzIjoiNjc5Nzc1MDc1NyIsInQiOiJMS0EiLCJwIjoiMTAyNzcifQ
LTU,44.99,eyJzIjoiNjc5Nzc1MDc1NyIsInQiOiJMVFUiLCJwIjoiMTAzMDIifQ
LUX,44.99,eyJzIjoiNjc5Nzc1MDc1NyIsInQiOiJMVVgiLCJwIjoiMTAzMDIifQ
LVA,44.99,eyJzIjoiNjc5Nzc1MDc1NyIsInQiOiJMVkEiLCJwIjoiMTAzMDIifQ
MAC,39.99,eyJzIjoiNjc5Nzc1MDc1NyIsInQiOiJNQUMiLCJwIjoiMTAyNzcifQ
MAR,39.99,eyJzIjoiNjc5Nzc1MDc1NyIsInQiOiJNQVIiLCJwIjoiMTAyNzcifQ
MDA,49.99,eyJzIjoiNjc5Nzc1MDc1NyIsInQiOiJNREEiLCJwIjoiMTAzMjcifQ
MDG,39.99,eyJzIjoiNjc5Nzc1MDc1NyIsInQiOiJNREciLCJwIjoiMTAyNzcifQ
MDV,39.99,eyJzIjoiNjc5Nzc1MDc1NyIsInQiOiJNRFYiLCJwIjoiMTAyNzcifQ
MEX,899.0,eyJzIjoiNjc5Nzc1MDc1NyIsInQiOiJNRVgiLCJwIjoiMTAzNjkifQ
MKD,39.99,eyJzIjoiNjc5Nzc1MDc1NyIsInQiOiJNS0QiLCJwIjoiMTAyNzcifQ
MLI,39.99,eyJzIjoiNjc5Nzc1MDc1NyIsInQiOiJNTEkiLCJwIjoiMTAyNzcifQ
MLT,44.99,eyJzIjoiNjc5Nzc1MDc1NyIsInQiOiJNTFQiLCJwIjoiMTAzMDIifQ
MMR,39.99,eyJzIjoiNjc5Nzc1MDc1NyIsInQiOiJNTVIiLCJwIjoiMTAyNzcifQ
MNE,39.99,eyJzIjoiNjc5Nzc1MDc1NyIsInQiOiJNTkUiLCJwIjoiMTAyNzcifQ
MNG,39.99,eyJzIjoiNjc5Nzc1MDc1NyIsInQiOiJNTkciLCJwIjoiMTAyNzcifQ
MOZ,39.99,eyJzIjoiNjc5Nzc1MDc1NyIsInQiOiJNT1oiLCJwIjoiMTAyNzcifQ
MRT,39.99,eyJzIjoiNjc5Nzc1MDc1NyIsInQiOiJNUlQiLCJwIjoiMTAyNzcifQ
MSR,39.99,eyJzIjoiNjc5Nzc1MDc1NyIsInQiOiJNU1IiLCJwIjoiMTAyNzcifQ
MUS,49.99,eyJzIjoiNjc5Nzc1MDc1NyIsInQiOiJNVVMiLCJwIjoiMTAzMjcifQ
MWI,39.99,eyJzIjoiNjc5Nzc1MDc1NyIsInQiOiJNV0kiLCJwIjoiMTAyNzcifQ
MYS,199.9,eyJzIjoiNjc5Nzc1MDc1NyIsInQiOiJNWVMiLCJwIjoiMTAzNzIifQ
NAM,39.99,eyJzIjoiNjc5Nzc1MDc1NyIsInQiOiJOQU0iLCJwIjoiMTAyNzcifQ
NER,39.99,eyJzIjoiNjc5Nzc1MDc1NyIsInQiOiJORVIiLCJwIjoiMTAyNzcifQ
NGA,69900.0,eyJzIjoiNjc5Nzc1MDc1NyIsInQiOiJOR0EiLCJwIjoiMTA1MDEifQ
NIC,39.99,eyJzIjoiNjc5Nzc1MDc1NyIsInQiOiJOSUMiLCJwIjoiMTAyNzcifQ
NLD,44.99,eyJzIjoiNjc5Nzc1MDc1NyIsInQiOiJOTEQiLCJwIjoiMTAzMDIifQ
NOR,499.0,eyJzIjoiNjc5Nzc1MDc1NyIsInQiOiJOT1IiLCJwIjoiMTAyMTcifQ
NPL,49.99,eyJzIjoiNjc5Nzc1MDc1NyIsInQiOiJOUEwiLCJwIjoiMTAzMjcifQ
NRU,39.99,eyJzIjoiNjc5Nzc1MDc1NyIsInQiOiJOUlUiLCJwIjoiMTAyNzcifQ
NZL,69.99,eyJzIjoiNjc5Nzc1MDc1NyIsInQiOiJOWkwiLCJwIjoiMTA0MDYifQ
OMN,39.99,eyJzIjoiNjc5Nzc1MDc1NyIsInQiOiJPTU4iLCJwIjoiMTAyNzcifQ
PAK,9900.0,eyJzIjoiNjc5Nzc1MDc1NyIsInQiOiJQQUsiLCJwIjoiMTA0MTMifQ
PAN,39.99,eyJzIjoiNjc5Nzc1MDc1NyIsInQiOiJQQU4iLCJwIjoiMTAyNzcifQ
PER,179.9,eyJzIjoiNjc5Nzc1MDc1NyIsInQiOiJQRVIiLCJwIjoiMTAzOTgifQ
PHL,2490.0,eyJzIjoiNjc5Nzc1MDc1NyIsInQiOiJQSEwiLCJwIjoiMTAzNjYifQ
PLW,39.99,eyJzIjoiNjc5Nzc1MDc1NyIsInQiOiJQTFciLCJwIjoiMTAyNzcifQ
PNG,39.99,eyJzIjoiNjc5Nzc1MDc1NyIsInQiOiJQTkciLCJwIjoiMTAyNzcifQ
POL,199.99,eyJzIjoiNjc5Nzc1MDc1NyIsInQiOiJQT0wiLCJwIjoiMTAzODgifQ
PRT,44.99,eyJzIjoiNjc5Nzc1MDc1NyIsInQiOiJQUlQiLCJwIjoiMTAzMDIifQ
PRY,39.99,eyJzIjoiNjc5Nzc1MDc1NyIsInQiOiJQUlkiLCJwIjoiMTAyNzcifQ
QAT,149.99,eyJzIjoiNjc5Nzc1MDc1NyIsInQiOiJRQVQiLCJwIjoiMTAzNDQifQ
ROU,199.99,eyJzIjoiNjc5Nzc1MDc1NyIsInQiOiJST1UiLCJwIjoiMTAzODgifQ
RUS,3490.0,eyJzIjoiNjc5Nzc1MDc1NyIsInQiOiJSVVMiLCJwIjoiMTA0MDYifQ
RWA,39.99,eyJzIjoiNjc5Nzc1MDc1NyIsInQiOiJSV0EiLCJwIjoiMTAyNzcifQ
SAU,179.99,eyJzIjoiNjc5Nzc1MDc1NyIsInQiOiJTQVUiLCJwIjoiMTAzNzgifQ
SEN,49.99,eyJzIjoiNjc5Nzc1MDc1NyIsInQiOiJTRU4iLCJwIjoiMTAzMjcifQ
SGP,59.98,eyJzIjoiNjc5Nzc1MDc1NyIsInQiOiJTR1AiLCJwIjoiMTAzNjkifQ
SLB,39.99,eyJzIjoiNjc5Nzc1MDc1NyIsInQiOiJTTEIiLCJwIjoiMTAyNzcifQ
SLE,39.99,eyJzIjoiNjc5Nzc1MDc1NyIsInQiOiJTTEUiLCJwIjoiMTAyNzcifQ
SLV,39.99,eyJzIjoiNjc5Nzc1MDc1NyIsInQiOiJTTFYiLCJwIjoiMTAyNzcifQ
SRB,44.99,eyJzIjoiNjc5Nzc1MDc1NyIsInQiOiJTUkIiLCJwIjoiMTAzMDIifQ
STP,39.99,eyJzIjoiNjc5Nzc1MDc1NyIsInQiOiJTVFAiLCJwIjoiMTAyNzcifQ
SUR,39.99,eyJzIjoiNjc5Nzc1MDc1NyIsInQiOiJTVVIiLCJwIjoiMTAyNzcifQ
SVK,44.99,eyJzIjoiNjc5Nzc1MDc1NyIsInQiOiJTVksiLCJwIjoiMTAzMDIifQ
SVN,44.99,eyJzIjoiNjc5Nzc1MDc1NyIsInQiOiJTVk4iLCJwIjoiMTAzMDIifQ
SWE,499.0,eyJzIjoiNjc5Nzc1MDc1NyIsInQiOiJTV0UiLCJwIjoiMTAyMTcifQ
SWZ,39.99,eyJzIjoiNjc5Nzc1MDc1NyIsInQiOiJTV1oiLCJwIjoiMTAyNzcifQ
SYC,39.99,eyJzIjoiNjc5Nzc1MDc1NyIsInQiOiJTWUMiLCJwIjoiMTAyNzcifQ
TCA,39.99,eyJzIjoiNjc5Nzc1MDc1NyIsInQiOiJUQ0EiLCJwIjoiMTAyNzcifQ
TCD,39.99,eyJzIjoiNjc5Nzc1MDc1NyIsInQiOiJUQ0QiLCJwIjoiMTAyNzcifQ
THA,1490.0,eyJzIjoiNjc5Nzc1MDc1NyIsInQiOiJUSEEiLCJwIjoiMTAzMDAifQ
TJK,39.99,eyJzIjoiNjc5Nzc1MDc1NyIsInQiOiJUSksiLCJwIjoiMTAyNzcifQ
TKM,39.99,eyJzIjoiNjc5Nzc1MDc1NyIsInQiOiJUS00iLCJwIjoiMTAyNzcifQ
TON,39.99,eyJzIjoiNjc5Nzc1MDc1NyIsInQiOiJUT04iLCJwIjoiMTAyNzcifQ
TTO,39.99,eyJzIjoiNjc5Nzc1MDc1NyIsInQiOiJUVE8iLCJwIjoiMTAyNzcifQ
TUN,39.99,eyJzIjoiNjc5Nzc1MDc1NyIsInQiOiJUVU4iLCJwIjoiMTAyNzcifQ
TUR,1999.99,eyJzIjoiNjc5Nzc1MDc1NyIsInQiOiJUVVIiLCJwIjoiMTA1NDYifQ
TWN,1290,eyJzIjoiNjc5Nzc1MDc1NyIsInQiOiJUV04iLCJwIjoiMTAyMjkifQ
TZA,99900.0,eyJzIjoiNjc5Nzc1MDc1NyIsInQiOiJUWkEiLCJwIjoiMTAzMTUifQ
UGA,49.99,eyJzIjoiNjc5Nzc1MDc1NyIsInQiOiJVR0EiLCJwIjoiMTAzMjcifQ
UKR,49.99,eyJzIjoiNjc5Nzc1MDc1NyIsInQiOiJVS1IiLCJwIjoiMTAzMjcifQ
URY,39.99,eyJzIjoiNjc5Nzc1MDc1NyIsInQiOiJVUlkiLCJwIjoiMTAyNzcifQ
USA,39.99,eyJzIjoiNjc5Nzc1MDc1NyIsInQiOiJVU0EiLCJwIjoiMTAyNzcifQ
UZB,39.99,eyJzIjoiNjc5Nzc1MDc1NyIsInQiOiJVWkIiLCJwIjoiMTAyNzcifQ
VCT,39.99,eyJzIjoiNjc5Nzc1MDc1NyIsInQiOiJWQ1QiLCJwIjoiMTAyNzcifQ
VEN,39.99,eyJzIjoiNjc5Nzc1MDc1NyIsInQiOiJWRU4iLCJwIjoiMTAyNzcifQ
VGB,39.99,eyJzIjoiNjc5Nzc1MDc1NyIsInQiOiJWR0IiLCJwIjoiMTAyNzcifQ
VNM,1199000,eyJzIjoiNjc5Nzc1MDc1NyIsInQiOiJWTk0iLCJwIjoiMTAzOTAifQ
VUT,39.99,eyJzIjoiNjc5Nzc1MDc1NyIsInQiOiJWVVQiLCJwIjoiMTAyNzcifQ
XKS,44.99,eyJzIjoiNjc5Nzc1MDc1NyIsInQiOiJYS1MiLCJwIjoiMTAzMDIifQ
YEM,39.99,eyJzIjoiNjc5Nzc1MDc1NyIsInQiOiJZRU0iLCJwIjoiMTAyNzcifQ
ZAF,799.99,eyJzIjoiNjc5Nzc1MDc1NyIsInQiOiJaQUYiLCJwIjoiMTAzMjAifQ
ZMB,49.99,eyJzIjoiNjc5Nzc1MDc1NyIsInQiOiJaTUIiLCJwIjoiMTAzMjcifQ
ZWE,49.99,eyJzIjoiNjc5Nzc1MDc1NyIsInQiOiJaV0UiLCJwIjoiMTAzMjcifQ
